<pages preload="true">
<page id="1" shadow="true" source="content/pages/page1.jpg" thumb="content/thumbs/thumb1.jpg"/>
<page id="2" shadow="true" source="content/pages/page2.jpg" thumb="content/thumbs/thumb2.jpg"/>
<page id="3" shadow="true" source="content/pages/page3.jpg" thumb="content/thumbs/thumb3.jpg"/>
<page id="4" shadow="true" source="content/pages/page4.jpg" thumb="content/thumbs/thumb4.jpg"/>
<page id="5" shadow="true" source="content/pages/page5.jpg" thumb="content/thumbs/thumb5.jpg"/>
<page id="6" shadow="true" source="content/pages/page6.jpg" thumb="content/thumbs/thumb6.jpg"/>
<page id="7" shadow="true" source="content/pages/page7.jpg" thumb="content/thumbs/thumb7.jpg"/>
<page id="8" shadow="true" source="content/pages/page8.jpg" thumb="content/thumbs/thumb8.jpg"/>
<page id="9" shadow="true" source="content/pages/page9.jpg" thumb="content/thumbs/thumb9.jpg"/>
<page id="10" shadow="true" source="content/pages/page10.jpg" thumb="content/thumbs/thumb10.jpg"/>
<page id="11" shadow="true" source="content/pages/page11.jpg" thumb="content/thumbs/thumb11.jpg"/>
<page id="12" shadow="true" source="content/pages/page12.jpg" thumb="content/thumbs/thumb12.jpg"/>
<page id="13" shadow="true" source="content/pages/page13.jpg" thumb="content/thumbs/thumb13.jpg"/>
<page id="14" shadow="true" source="content/pages/page14.jpg" thumb="content/thumbs/thumb14.jpg"/>
<page id="15" shadow="true" source="content/pages/page15.jpg" thumb="content/thumbs/thumb15.jpg"/>
<page id="16" shadow="true" source="content/pages/page16.jpg" thumb="content/thumbs/thumb16.jpg"/>
<page id="17" shadow="true" source="content/pages/page17.jpg" thumb="content/thumbs/thumb17.jpg"/>
<page id="18" shadow="true" source="content/pages/page18.jpg" thumb="content/thumbs/thumb18.jpg"/>
<page id="19" shadow="true" source="content/pages/page19.jpg" thumb="content/thumbs/thumb19.jpg"/>
<page id="20" shadow="true" source="content/pages/page20.jpg" thumb="content/thumbs/thumb20.jpg"/>
<page id="21" shadow="true" source="content/pages/page21.jpg" thumb="content/thumbs/thumb21.jpg"/>
<page id="22" shadow="true" source="content/pages/page22.jpg" thumb="content/thumbs/thumb22.jpg"/>
<page id="23" shadow="true" source="content/pages/page23.jpg" thumb="content/thumbs/thumb23.jpg"/>
<page id="24" shadow="true" source="content/pages/page24.jpg" thumb="content/thumbs/thumb24.jpg"/>
<page id="25" shadow="true" source="content/pages/page25.jpg" thumb="content/thumbs/thumb25.jpg"/>
<page id="26" shadow="true" source="content/pages/page26.jpg" thumb="content/thumbs/thumb26.jpg"/>
<page id="27" shadow="true" source="content/pages/page27.jpg" thumb="content/thumbs/thumb27.jpg"/>
<page id="28" shadow="true" source="content/pages/page28.jpg" thumb="content/thumbs/thumb28.jpg"/>
<page id="29" shadow="true" source="content/pages/page29.jpg" thumb="content/thumbs/thumb29.jpg"/>
<page id="30" shadow="true" source="content/pages/page30.jpg" thumb="content/thumbs/thumb30.jpg"/>
<page id="31" shadow="true" source="content/pages/page31.jpg" thumb="content/thumbs/thumb31.jpg"/>
<page id="32" shadow="true" source="content/pages/page32.jpg" thumb="content/thumbs/thumb32.jpg"/>
<page id="33" shadow="true" source="content/pages/page33.jpg" thumb="content/thumbs/thumb33.jpg"/>
<page id="34" shadow="true" source="content/pages/page34.jpg" thumb="content/thumbs/thumb34.jpg"/>
<page id="35" shadow="true" source="content/pages/page35.jpg" thumb="content/thumbs/thumb35.jpg"/>
<page id="36" shadow="true" source="content/pages/page36.jpg" thumb="content/thumbs/thumb36.jpg"/>
<page id="37" shadow="true" source="content/pages/page37.jpg" thumb="content/thumbs/thumb37.jpg"/>
<page id="38" shadow="true" source="content/pages/page38.jpg" thumb="content/thumbs/thumb38.jpg"/>
<page id="39" shadow="true" source="content/pages/page39.jpg" thumb="content/thumbs/thumb39.jpg"/>
<page id="40" shadow="true" source="content/pages/page40.jpg" thumb="content/thumbs/thumb40.jpg"/>
</pages>
